PK;NOMBRE;DESCRIPCION-ENTIDAD;HORARIO;EQUIPAMIENTO;TRANSPORTE;DESCRIPCION;ACCESIBILIDAD;CONTENT-URL;NOMBRE-VIA;CLASE-VIAL;TIPO-NUM;NUM;PLANTA;PUERTA;ESCALERAS;ORIENTACION;LOCALIDAD;PROVINCIA;CODIGO-POSTAL;BARRIO;DISTRITO;COORDENADA-X;COORDENADA-Y;LATITUD;LONGITUD;TELEFONO;FAX;EMAIL;TIPO;
11899;"Centro de Atención integral sociosanitaria nocturno";"";"De lunes a domingo de 21 a 8 horas";"Intercambio de jeringuillas  Reparto de preservativos  Alimentación básica  Asistencia social  Programas educativos  Asistencia sanitaria básica, higiene, programa de vacunaciones  Cena";"Metro:  Alonso Martínez   Bus:  21";"Información Complementaria:    Drogodependientes en fase activa, ó en Programa de Metadona  Personas sin hogar  Pueden pernoctar";"0";"http://www.madrid.es/sites/v/index.jsp?vgnextchannel=bfa48ab43d6bb410VgnVCM100000171f5a0aRCRD&vgnextoid=a946d4985261c010VgnVCM1000000b205a0aRCRD";"HERMANOS ALVAREZ QUINTERO";"CALLE";"V";"3";"";"";"";"";"MADRID";"MADRID";"28004";"JUSTICIA";"CENTRO";"440835";"4475437";"40.42747404776084";"-3.697485377509971";"91 369 12 71";"";"";"/contenido/entidadesYorganismos/CentrosAtencionMedica/CentrosAsistenciaDrogodependientes";
5855213;"Centro de Atención integral sociosanitario diurno";"El Centro de atención integral sociosanitario diurno forma parte de la red del Instituto de Adicciones de la Ciudad de Madrid, presta una atención personalizada individual y/o grupal en régimen ambulatorio a las personas que presentan problemas de abuso o dependencia del alcohol y de otras drogas.";"De lunes a viernes de 9 a 17 horas";"Valoración interdisciplinar del/de la paciente.  Tratamiento integral que además de abordar el propio consumo, contempla aspectos sanitarios, psicológicos, sociales y ocupacionales.  Intervenciones de reducción del daño y riesgos dirigidas a disminuir los efectos del consumo de drogas y conseguir mejoras en la salud cuando no se consigue la abstinencia.  Tratamientos farmacológicos, incluyen la utilización de tratamientos con sustitutivos opiáceos como metadona.  Apoyo a la integración social y laboral del/de la paciente.  Intervención con las familias, tanto con las que acompañan a la persona directamente afectada, como con aquellas otras que solicitan ayuda sin que el consumidor haya decidido ponerse en tratamiento.  Derivación a recursos externos de apoyo al tratamiento y a la reinserción social, que complementan y apoyan el trabajo realizado desde los  CAD .";"Metro:  Alonso Martínez, L4, L5, L10";"Forma de acceso:  directo";"1";"http://www.madrid.es/sites/v/index.jsp?vgnextchannel=bfa48ab43d6bb410VgnVCM100000171f5a0aRCRD&vgnextoid=c5dc3e042111c210VgnVCM2000000c205a0aRCRD";"HERMANOS ALVAREZ QUINTERO";"CALLE";"V";"3";"";"";"";"";"MADRID";"MADRID";"28004";"JUSTICIA";"CENTRO";"440835";"4475437";"40.42747404776084";"-3.697485377509971";"914 291 960";"";"ctdcentro@cruzroja.es";"/contenido/entidadesYorganismos/CentrosAtencionMedica/CentrosAsistenciaDrogodependientes"; 
4535271;"Organismo Autónomo Madrid Salud";"Gestión de las políticas municipales en las materias de salud pública y drogodependencias y otros trastornos adictivos, dentro del término municipal de Madrid";"De lunes a viernes de 8:30 a 14 horas Cerrado: los días 24 y 31 de diciembre";"";"Metro: Conde Casal  Bicicletas:   Servicio Bicimad, para consultar la estación más cercana, acceda al  mapa de geolocalización de las estaciones .";"";"1";"http://www.madrid.es/sites/v/index.jsp?vgnextchannel=bfa48ab43d6bb410VgnVCM100000171f5a0aRCRD&vgnextoid=7a47c15bfb031110VgnVCM1000000b205a0aRCRD";"MEDITERRANEO";"AVENIDA";"V";"62";"";"";"";"";"MADRID";"MADRID";"28007";"ADELFAS";"RETIRO";"443447";"4473015";"40.40582949013793";"-3.666485680189555";"914 804 272                          
914 804 270";"";"msgerencia@madrid.es";"/contenido/entidadesYorganismos/AyuntamientoMadrid/OrganismosEmpresasMunicipales"; 
134929;"Centro Concertado de Atención a las Adicciones (CCAD) Cáritas Madrid";"El  CCAD  Cáritas que forma parte de la red del Instituto de Adicciones de la Ciudad de Madrid, presta una atención personalizada individual y/o grupal en régimen ambulatorio a las personas que presentan problemas de abuso o dependencia del alcohol y de otras drogas.";"De lunes a viernes mañanas de 9 a 14 horas, tardes de 15:30 a 18 horas";"Valoración interdisciplinar del/de la paciente.  Tratamiento integral que además de abordar el propio consumo, contempla aspectos sanitarios, psicológicos, sociales y ocupacionales.  Intervenciones de reducción del daño y riesgos dirigidas a disminuir los efectos del consumo de drogas y conseguir mejoras en la salud cuando no se consigue la abstinencia.  Tratamientos farmacológicos, incluyen la utilización de tratamientos con sustitutivos opiáceos como metadona.  Apoyo a la integración social y laboral del paciente.  Intervención con las familias, tanto con las que acompañan a la persona directamente afectada, como con aquellas otras que solicitan ayuda sin que el consumidor haya decidido ponerse en tratamiento.  Derivación a recursos externos de apoyo al tratamiento y a la reinserción social, que complementan y apoyan el trabajo realizado desde los  CAD .";"Bus: 9, 73, N2 Metro: Alfonso XIII (L4), Prosperidad (L4)  Bicicletas:   Servicio Bicimad, para consultar la estación más cercana, acceda al  mapa de geolocalización de las estaciones .";"";"1";"http://www.madrid.es/sites/v/index.jsp?vgnextchannel=bfa48ab43d6bb410VgnVCM100000171f5a0aRCRD&vgnextoid=13ba654d9d91f010VgnVCM2000000c205a0aRCRD";"SANTA HORTENSIA";"CALLE";"V";"1";"";"";"";"";"MADRID";"MADRID";"28002";"PROSPERIDAD";"CHAMARTIN";"443159";"4477482";"40.446053313442704";"-3.6702766124516515";"917 440 599";"";"tto.adicciones@caritasmadrid.org";"/contenido/entidadesYorganismos/CentrosAtencionMedica/CentrosAsistenciaDrogodependientes"; 
11867;"Centro de Atención a las Adicciones (CAD) de Arganzuela";"";"Horario ordinario :   De lunes a jueves de 8 a 20:30 horas   Viernes de 8 a 15:00 horas     Horario verano :   Del 15 al 30 de junio y del 1 al 15 de septiembre  De lunes a jueves de 8 a 19:30 horas   Viernes de 8 a 14:00 horas      Del 1 de julio al 31 de agosto  De lunes a viernes de 8 a 14:00 horas";"Valoración por equipo interdisciplinar  Tratamiento ambulatorio y reinserción de drododependientes, a través de diferentes programas  Atención a familiares  Derivación a otros recursos: comunidades terapéuticas, pisos de reinserción, talleres  Atención y tratamiento individualizado, según los casos";"Bus: 6 , 8 , 18 , 19 , 22 , 45 , 47 , 76 , 78 , 79 , 85 , 86 , 88 , 123 , 148 , 247 Metro: Legazpi ( L 3  y  L 6 )  Bicicletas:   Servicio Bicimad, para consultar la estación más cercana, acceda al  mapa de geolocalización de las estaciones .";"Forma de acceso : directo, a través de los servicios municipales, servicios de salud o entidades comunitarias.   Ámbito de actuación:   Distrito de Arganzuela  Distrito de Centro  Distrito de Retiro  Distrito de Salamanca";"1";"http://www.madrid.es/sites/v/index.jsp?vgnextchannel=bfa48ab43d6bb410VgnVCM100000171f5a0aRCRD&vgnextoid=de74d4985261c010VgnVCM1000000b205a0aRCRD";"CHOPERA";"PASEO";"V";"12";"";"";"";"";"MADRID";"MADRID";"28045";"CHOPERA";"ARGANZUELA";"440757";"4471619";"40.39305745803064";"-3.6980673403694104";"915 886 186                       
915 886 189";"";"cadarganzuela@madrid.es";"/contenido/entidadesYorganismos/CentrosAtencionMedica/CentrosAsistenciaDrogodependientes"; 
11887;"Centro de Atención a las Adicciones (CAD) de Hortaleza";"";"Horario ordinario :   De lunes a jueves de 8 a 20:30 horas  Viernes de 8 a 15:00 horas    Horario verano :   Del 15 al 30 de junio y del 1 al 15 de septiembre  De lunes a jueves de 8 a 19:30 horas  Viernes de 8 a 14:00 horas    Del 1 de julio al 31 de agosto  De lunes a viernes de 8 a 14:00 horas";"Valoración por equipo interdisciplinar  Tratamiento ambulatorio y reinserción de drododependientes, a través de diferentes programas  Atención a familiares  Derivación a otros recursos: comunidades terapéuticas, pisos de reinserción, talleres  Atención y tratamiento individualizado, según los casos";"Bus: 73, 87, 104, 112, 120, 125, 153, 172 Metro: Mar de Cristal ( L4 ,  L8 )  Bicicletas:   Servicio Bicimad, para consultar la estación más cercana, acceda al  mapa de geolocalización de las estaciones .";"Acceso:  directo, a través de los servicios municipales, servicios de salud o entidades comunitarias   Ámbito de actuación:   Distrito de Hortaleza  Distrito de Chamartín  Distrito de Barajas  Distrito Ciudad Lineal los barrios: San Juan Bautista, Colina, Atalaya y Costillares";"1";"http://www.madrid.es/sites/v/index.jsp?vgnextchannel=bfa48ab43d6bb410VgnVCM100000171f5a0aRCRD&vgnextoid=25a4d4985261c010VgnVCM1000000b205a0aRCRD";"MINAYA";"CALLE";"V";"7";"";"";"";"";"MADRID";"MADRID";"28043";"CANILLAS";"HORTALEZA";"446072";"4479929";"40.468288815918534";"-3.636150078507109";"913 822 530";"";"cadhortaleza@madrid. es";"/contenido/entidadesYorganismos/CentrosAtencionMedica/CentrosAsistenciaDrogodependientes"; 
11862;"Centro de Atención a las Adicciones (CAD) de Latina";"";"Horario ordinario :   De lunes a jueves de 8 a 20:30 horas  Viernes de 8 a 15:00 horas    Horario verano :   Del 15 al 30 de junio y del 1 al 15 de septiembre  De lunes a jueves de 8 a 19:30 horas  Viernes de 8 a 14:00 horas    Del 1 de julio al 31 de agosto  De lunes a viernes de 8 a 14:00 horas";"Valoración por equipo interdisciplinar  Tratamiento ambulatorio y reinserción de drododependientes, a través de diferentes programas  Atención a familiares  Derivación a otros recursos: comunidades terapéuticas, pisos de reinserción, talleres  Atención y tratamiento individualizado, según los casos";"Bus: 25 , 31, 138 Metro: Laguna ( L 6 ), Casa de Campo ( L 10 )";"Acceso : directo, a traves de los servicios municipales, servicios de salud o entidades comunitarias   Ámbito de actuación:   Distrito de Latina  Distrito de Moncloa - Aravaca: barrios de Arg&amp;uuml;elles, Plantío, Aravaca y Casa de Campo  Distrito Carabanchel: barrios de San Isidro, Vista Alegre y Puerta Bonita.";"1";"http://www.madrid.es/sites/v/index.jsp?vgnextchannel=bfa48ab43d6bb410VgnVCM100000171f5a0aRCRD&vgnextoid=7bc4d4985261c010VgnVCM1000000b205a0aRCRD";"CAMARENA";"CALLE";"V";"10";"";"";"";"";"MADRID";"MADRID";"28047";"ALUCHE";"LATINA";"435820";"4471982";"40.39597072367931";"-3.7562716852987847";"917 198 989";"";"cadlatina@madrid.es";"/contenido/entidadesYorganismos/CentrosAtencionMedica/CentrosAsistenciaDrogodependientes"; 
11865;"Centro de Atención a las Adicciones (CAD) de San Blas";"";"Horario ordinario :   De lunes a jueves de 8 a 20:30 horas  Viernes de 8 a 15:00 horas    Horario verano :   Del 15 al 30 de junio y del 1 al 15 de septiembre  De lunes a jueves de 8 a 19:30 horas  Viernes de 8 a 14:00 horas    Del 1 de julio al 31 de agosto  De lunes a viernes de 8 a 14:00 horas";"Valoración por equipo interdisciplinar  Tratamiento ambulatorio y reinserción de drododependientes, a través de diferentes programas  Atención a familiares  Derivación a otros recursos: comunidades terapéuticas, pisos de reinserción, talleres  Atención y tratamiento individualizado, según los casos";"Bus: 77, 104, 105, 775 Metro: Suances ( L 5 )";"Acceso:  directo, a traves de los servicios municipales, servicios de salud o entidades comunitarias   Ámbito de actuación   Distrito de San Blas  Distrito de Ciudad Lineal los barrios: Ventas, Pueblo Nuevo, Quintana, Concepción y San Pascual  Distrito de Vicálvaro";"1";"http://www.madrid.es/sites/v/index.jsp?vgnextchannel=bfa48ab43d6bb410VgnVCM100000171f5a0aRCRD&vgnextoid=c1f4d4985261c010VgnVCM1000000b205a0aRCRD";"ALCALA";"CALLE";"V";"527";"";"";"";"";"MADRID";"MADRID";"28027";"EL SALVADOR";"";"446815";"4476892";"40.44097774609991";"-3.6271316821262958";"917 434 771 ";"";"cadsanblas@madrid.es";"/contenido/entidadesYorganismos/CentrosAtencionMedica/CentrosAsistenciaDrogodependientes"; 
11866;"Centro de Atención a las Adicciones (CAD) de Tetuán";"";"Horario ordinario :   De lunes a jueves de 8 a 20:30 horas  Viernes de 8 a 15:00 horas    Horario verano :   Del 15 al 30 de junio y del 1 al 15 de septiembre  De lunes a jueves de 8 a 19:30 horas  Viernes de 8 a 14:00 horas    Del 1 de julio al 31 de agosto  De lunes a viernes de 8 a 14:00 horas";"Valoración por equipo interdisciplinar  Tratamiento ambulatorio y reinserción de drododependientes, a través de diferentes programas  Atención a familiares  Derivación a otros recursos: comunidades terapéuticas, pisos de reinserción, talleres  Atención y tratamiento individualizado, según los casos";"Bus: 42 Metro: Ventilla ( L-9 ), Valdeacederas ( L-1 )  Bicicletas:   Servicio Bicimad, para consultar la estación más cercana, acceda al  mapa de geolocalización de las estaciones .";"Acceso:  directo, a través de los servicios municipales, servicios de salud o entidades comunitarias   Ámbito de actuación   Distrito de Tetuán  Distrito de Fuencarral-El Pardo  Distrito de Chamberí  Distrito de Moncloa-Aravaca: Ciudad Universitaria, Valdezarza y Valdemarín";"1";"http://www.madrid.es/sites/v/index.jsp?vgnextchannel=bfa48ab43d6bb410VgnVCM100000171f5a0aRCRD&vgnextoid=1815d4985261c010VgnVCM1000000b205a0aRCRD";"PINOS ALTA";"CALLE";"V";"122";"";"";"";"";"MADRID";"MADRID";"28029";"ALMENARA";"TETUAN";"440529";"4480255";"40.47084721439769";"-3.701561801865397";"913 235 920 ";"";"cadtetuan@madrid.es";"/contenido/entidadesYorganismos/CentrosAtencionMedica/CentrosAsistenciaDrogodependientes"; 
11864;"Centro de Atención a las Adicciones (CAD) de Vallecas";"";"Horario ordinario :   De lunes a jueves de 8 a 20:30 horas  Viernes de 8 a 15:00 horas    Horario verano :   Del 15 al 30 de junio y del 1 al 15 de septiembre  De lunes a jueves de 8 a 19:30 horas  Viernes de 8 a 14:00 horas    Del 1 de julio al 31 de agosto  De lunes a viernes de 8 a 14:00 horas";"Valoración por equipo interdisciplinar  Tratamiento ambulatorio y reinserción de drododependientes, a través de diferentes programas  Atención a familiares  Derivación a otros recursos: comunidades terapéuticas, pisos de reinserción, talleres  Atención y tratamiento individualizado, según los casos";"Bus: 10, 24, 54, 57, 58, 111, 136, 140, 310 Metro: Nueva Numancia ( L1 )  Bicicletas:   Servicio Bicimad, para consultar la estación más cercana, acceda al  mapa de geolocalización de las estaciones .";"Acceso:  directo, a traves de los servicios municipales, servicios de salud o entidades comunitarias   Ámbito de actuación   Distrito de Villa de Vallecas  Distrito de Puente de Vallecas  Distrito de Moratalaz";"1";"http://www.madrid.es/sites/v/index.jsp?vgnextchannel=bfa48ab43d6bb410VgnVCM100000171f5a0aRCRD&vgnextoid=6e35d4985261c010VgnVCM1000000b205a0aRCRD";"CONCORDIA";"CALLE";"NUM";"17";"";"";"";"";"MADRID";"MADRID";"28053";"SAN DIEGO";"PUENTE DE VALLECAS";"443517";"4471815";"40.39501488341387";"-3.665565995938502";"914 801 486 ";"";"cadvallecas@madrid.es";"/contenido/entidadesYorganismos/CentrosAtencionMedica/CentrosAsistenciaDrogodependientes"; 
11863;"Centro de Atención a las Adicciones (CAD) de Villaverde";"";"Horario ordinario :   De lunes a jueves de 8 a 20:30 horas  Viernes de 8 a 15:00 horas    Horario verano :   Del 15 al 30 de junio y del 1 al 15 de septiembre  De lunes a jueves de 8 a 19:30 horas  Viernes de 8 a 14:00 horas    Del 1 de julio al 31 de agosto  De lunes a viernes de 8 a 14:00 horas";"Valoración por equipo interdisciplinar  Tratamiento ambulatorio y reinserción de drododependientes, a través de diferentes programas  Atención a familiares  Derivación a otros recursos: comunidades terapéuticas, pisos de reinserción, talleres  Atención y tratamiento individualizado, según los casos.";"Bus: 76 Renfe: Cercanías Puente Alcocer  Bicicletas:   Servicio Bicimad, para consultar la estación más cercana, acceda al  mapa de geolocalización de las estaciones .";"Acceso : Directo a través de los servicios municipales, servicios de salud o entidades comunitarias.   Ámbito de Actuación   Distrito de Villaverde.  Distrito de Usera.  Distrito de Carabanchel, los barrios: Comillas, Opañel, Abrantes y Buenavista";"1";"http://www.madrid.es/sites/v/index.jsp?vgnextchannel=bfa48ab43d6bb410VgnVCM100000171f5a0aRCRD&vgnextoid=b465d4985261c010VgnVCM1000000b205a0aRCRD";"VERDE VIENTO";"CALLE";"V";"16";"";"";"";"";"MADRID";"MADRID";"28021";"SAN ANDRES";"VILLAVERDE";"439047";"4467110";"40.35231468998616";"-3.717783527602668";"917 231 110";"";"cadvillaverde@madrid.es";"/contenido/entidadesYorganismos/CentrosAtencionMedica/CentrosAsistenciaDrogodependientes"; 
4795428;"Unidad móvil Madroño";"";"De lunes a viernes de 11:30 a 14 horas  Sábado, domingo y festivo de 12:30 a 14 horas";"&amp;ldquo;Madroño&amp;rdquo;  es un Dispositivo Móvil del Instituto de Adicciones de Madrid Salud para personas drogodependientes que no están en la red de centros ambulatorios.   Programas y actividades que desarrolla    Tratamientos con metadona  Intervención sanitaria: Cuidados sanitarios básicos.  Vacunaciones. Educación sanitaria.  Intercambio personalizado de jeringuillas.  Distribución de preservativos y papel de aluminio.  Estrategias de reducción del consumo y consumo de menos riesgo.  Intervención social: Información y asesoramiento sobre recursos sociales.  Atención psiquiátrica en proximidad.  Prestaciones básicas de alimentación y vestuario.  Prospecciones periódicas en el municipio de Madrid";"";"";"0";"http://www.madrid.es/sites/v/index.jsp?vgnextchannel=bfa48ab43d6bb410VgnVCM100000171f5a0aRCRD&vgnextoid=d360361d139f7110VgnVCM1000000b205a0aRCRD";"REY";"PASEO";"V";"";"";"";"";"Junto al albergue de San Isidro";"MADRID";"MADRID";"28008";"ARGUELLES";"MONCLOA-ARAVACA";"439092";"4474684";"40.42054836583698";"-3.7179660205926224";"647 304 366";"";"";"/contenido/entidadesYorganismos/CentrosAtencionMedica/CentrosAsistenciaDrogodependientes"; 
163281;"CMS Centro Municipal de Salud Joven";"";"Horario de invierno   De lunes a viernes de 8:30 a 20:30 horas   Horario Semana San Isidro:  de 8:30 a 19:30 horas   Horario de verano ( antes de acudir, póngase en contacto telefónico con el centro )   Del 15 de junio al 15 de septiembre:   de   8:30 a 19:30 horas.";"";"Metro: Callao  Bus: 1 , 2 , 44 , 46 , 74 , 75 , 133 , 146 , 147 , 148  Bicicletas:   Servicio Bicimad, para consultar la estación más cercana, acceda al  mapa de geolocalización de las estaciones .";"&amp;iquest;Quién puede acudir al Centro?   Menores de 21 años, salvo para consejo de  VIH  que es hasta 24 años. Preferiblemente con cita previa.  Los mayores de 20 pueden acudir a la red de los 16 Centros Municipales de Salud Comunitaria, donde también se atiende a población joven, sin límite de edad, y se ofrecen servicios similares. Ver relación de centros en información relacionada.   &amp;iquest;Para qué se puede acudir al Centro Joven?   En el  CMSJ  puedes encontrar apoyo en las siguientes áreas:    Salud sexual y reproductiva     Métodos anticonceptivos  : Pedir cita previa. Preferiblemente acudir con la pareja   Información sobre métodos y Consejo anticonceptivo   Inicio y seguimiento del método (preservativo, pastilla, anillo, parche, doble método,  etc  ...) análisis de sangre si procede      Píldora de Anticoncepción de Urgencia : A demanda, en el horario del centro. Información y prescripción de la pastilla de forma gratuita.   Test de embarazo: Prueba gratuita      Información sobre la  interrupción voluntaria del embarazo ( IVE ):  Control gratuito post- IVE      Consejo de   VIH     e Infecciones de Trasmisión sexual ( ITS ).  Puede ser con cita previa, llamando por teléfono, o a demanda (acudiendo sin cita) Los horarios en los que se atiende  a demanda  son: De lunes a viernes de 9 a 12 horas y de 15 a 18 horas.    Prueba de  VIH  . Análisis. Mañanas: martes y jueves de 9 a 10 horas, Tardes: lunes, martes y miércoles de 15 a 18 horas   Test rápido de  VIH  .Si procede     Asesoria sexual  : Información, apoyo y asesoramiento de dificultades sexuales. Cita previa.       Asesoramiento sobre aspectos ginecológicos:  alteraciones de la regla,  etc ...     Asesoría de drogas  : información y apoyo sobre el consumo de drogas.  Consejos para  dejar de fumar.     Maltrato y abusos:   Detección y apoyo a las situaciones abusos, maltrato, de violencia de género de género y violencia sexual   Asesoramiento ante embarazos en la adolescencia : Información y apoyo durante el embarazo.  Grupos de personas jóvenes en situación de embarazo o crianza.";"1";"http://www.madrid.es/sites/v/index.jsp?vgnextchannel=bfa48ab43d6bb410VgnVCM100000171f5a0aRCRD&vgnextoid=a139ac2e6481c010VgnVCM1000000b205a0aRCRD";"NAVAS DE TOLOSA";"CALLE";"V";"10";"2ª";"";"";"";"MADRID";"MADRID";"28013";"SOL";"CENTRO";"440025";"4474530";"40.41922883312708";"-3.7069543620889194";"CITACIONES: 915 889 677 / 915 889 678";"";"cmsjoven@madrid.es";"/contenido/entidadesYorganismos/CentrosAtencionMedica/CentrosPrevencionEnfermedades"; 
8882;"CMSc Centro Municipal de Salud Comunitaria Centro";"";"Horario de invierno    De lunes a viernes de 8:30 a 20:30 horas    Horario Semana San Isidro:  8:30 a 19:30 horas   Horario de verano ( antes de acudir, póngase en contacto telefónico con el centro )   Del 15 de junio al 15 de septiembre:   de   8:30 a 19:30 horas.";"";"Metro: Callao Bus: 1 , 2 , 44 , 46 , 74 , 75 , 133 , 146 , 147 , 148 , 202  Bicicletas:   Servicio Bicimad, para consultar la estación más cercana, acceda al  mapa de geolocalización de las estaciones .";"ÁMBITO DE INFLUENCIA    Distrito de Centro: Palacio, Embajadores, Universidad, Cortes, Sol, Justicia  Distrito de Moncloa: Casa de Campo, Arg&amp;uuml;elles, Ciudad Universitaria, Valdezarza, Valdemarín, El Plantío, Aravaca   Los programas marco de salud de abordaje prioritario que desarrollan los Centros Municipales de Salud Comunitaria son:   Alimentación, actividad física y salud  Salud sexual y reproductiva  Promoción de la salud en el ámbito educativo  Envejecimiento activo y saludable  Salud materno-infantil  Prevención y control del consumo de tabaco  Promoción de Salud Mental  Desigualdades sociales en salud   Los que se desarrollan en el CMSc Centro Municipal de Salud Comunitaria Centro actualmente los puede consultar en la  Página Web de Madrid Salud";"1";"http://www.madrid.es/sites/v/index.jsp?vgnextchannel=bfa48ab43d6bb410VgnVCM100000171f5a0aRCRD&vgnextoid=9b824b6faa61c010VgnVCM1000000b205a0aRCRD";"NAVAS DE TOLOSA";"CALLE";"V";"10";"";"";"";"";"MADRID";"MADRID";"28013";"SOL";"CENTRO";"440026";"4474527";"40.419201879815446";"-3.7069422925635527";"CITACIONES: 915 889 661 / 915 889 660";"";"cmscentro@madrid.es";"/contenido/entidadesYorganismos/CentrosAtencionMedica/CentrosPrevencionEnfermedades"; 
8866;"CMSc Centro Municipal de Salud Comunitaria Arganzuela";"";"Horario de invierno   De lunes a viernes de 8:30 a 20:30 horas   Anticoncepción de urgencia  (pildora postcoital):  De lunes a viernes de 8:30 a 15 horas. Para evitar esperas innecesarias, le sugerimos se ponga en contacto teléfonico con el centro.   Vacunación : cita previa   Horario Semana San Isidro:  8:30 a 19:30 horas   Horario de verano ( antes de acudir, póngase en contacto telefónico con el centro )   Del 15 de junio al 15 de septiembre:   de   8:30 a 19:30 horas.";"";"Metro: Puerta de Toledo, Acacias, Pirámides, Embajadores  Bus: 3, 6, 17, 18, 23, 34, 35, 36, 41, 60, 62, 116, 118, 119, 148 y circular  Renfe: Pirámides, Embajadores  Bicicletas:   Servicio Bicimad, para consultar la estación más cercana, acceda al  mapa de geolocalización de las estaciones .";"Ámbito de influencia   Distrito de Arganzuela: Imperial, Acacias, Chopera, Legazpi, Delicias, Palos de Moguer, Atocha, Comillas  Los  programas marco  de salud de abordaje prioritario que desarrollan los Centros Municipales de Salud Comunitaria son:   Alimentación, actividad física y salud  Salud sexual y reproductiva  Promoción de la salud en el ámbito educativo  Envejecimiento activo y saludable  Salud materno-infantil  Prevención y control del consumo de tabaco  Promoción de Salud Mental  Desigualdades sociales en salud   Los que se desarrollan en el CMSc Centro Municipal de Salud Comunitaria Arganzuela actualmente los puede consultar en la   Página Web de Madrid Salud";"1";"http://www.madrid.es/sites/v/index.jsp?vgnextchannel=bfa48ab43d6bb410VgnVCM100000171f5a0aRCRD&vgnextoid=fe324b6faa61c010VgnVCM1000000b205a0aRCRD";"CONCEJAL BENITO MARTIN LOZANO";"CALLE";"V";"1";"";"";"";"";"MADRID";"MADRID";"28005";"ACACIAS";"ARGANZUELA";"439685";"4473029";"40.40569156269297";"-3.710819612821558";"CITACIONES: 913 541 784/ 913 541 785";"";"cmsarganzuela@madrid.es";"/contenido/entidadesYorganismos/CentrosAtencionMedica/CentrosPrevencionEnfermedades"; 
8872;"CMSc Centro Municipal de Salud Comunitaria Retiro";"";"Horario de invierno    De lunes a viernes de 8:30 a 14:30 horas   Anticoncepción de urgencia  (píldora postcoital): de lunes a viernes de 9 a 14 horas   Vacunación:  con cita previa    Horario Semana San Isidro:  de 8:30 a 14 horas.   Horario de verano ( antes de acudir, póngase en contacto telefónico con el centro )    Del 15 de junio al 15 de septiembre:   de   8:30 a 14 horas.";"";"Metro: Nueva Numancia  Bus: 10 , 24, 54, 57, 58, 111, 140  Bicicletas:   Servicio Bicimad, para consultar la estación más cercana, acceda al  mapa de geolocalización de las estaciones .";"Ámbito de influencia:    Distrito de Retiro: Pacífico, Adelfas, Estrella, Ibiza, Jerónimos, Niño Jesús   Distrito de Salamanca: Recoletos, Goya, Fuente del Berro, Guindalera, Lista, Castellana   Los programas marco de salud de abordaje prioritario que desarrollan los Centros Municipales de Salud Comunitaria son:   Alimentación, actividad física y salud  Salud sexual y reproductiva  Promoción de la salud en el ámbito educativo  Envejecimiento activo y saludable  Salud materno-infantil  Prevención y control del consumo de tabaco  Promoción de Salud Mental  Desigualdades sociales en salud   Los que se desarrollan actualmente los puede consultar en la  Página Web de Madrid Salud";"1";"http://www.madrid.es/sites/v/index.jsp?vgnextchannel=bfa48ab43d6bb410VgnVCM100000171f5a0aRCRD&vgnextoid=2b434b6faa61c010VgnVCM1000000b205a0aRCRD";"CONCORDIA";"CALLE";"V";"15";"";"";"";"";"MADRID";"MADRID";"28053";"SAN DIEGO";"PUENTE DE VALLECAS";"443512";"4471842";"40.39525784370076";"-3.665615521144969";"CITACIONES: 913 601 530 ";"";"cmsretiro@madrid.es";"/contenido/entidadesYorganismos/CentrosAtencionMedica/CentrosPrevencionEnfermedades"; 
8871;"CMSc Centro Municipal de Salud Comunitaria Salud Tetuán";"";"Horario de invierno    De lunes a viernes de 8:30 a 20:30 horas   Anticoncepción de urgencia (pildora postcoital):   De lunes a viernes de 8:30 a 20:30 horas. Para evitar esperas innecesarias, le sugerimos se ponga en contacto teléfonico con el centro.   Vacunación:  con cita previa    Semana San Isidro:  de   8:30 a 19:30 horas.   Horario de verano ( antes de acudir, póngase en contacto telefónico con el centro )   Del 15 de junio al 15 de septiembre:   de   8:30 a 19:30 horas.";"";"Metro:  Valdeacederas, Plaza de Castilla   Bus:  42 , 49 , 124  Bicicletas:   Servicio Bicimad, para consultar la estación más cercana, acceda al  mapa de geolocalización de las estaciones .";"Ámbito de influencia:    Distrito de Chamartín: Barrios de Hispanoamérica , Nueva España y Castilla  Distrito de Tetuán.   Los programas marco de salud de abordaje prioritario que desarrollan los Centros Municipales de Salud Comunitaria son:   Alimentación, actividad física y salud  Salud sexual y reproductiva  Promoción de la salud en el ámbito educativo  Envejecimiento activo y saludable  Salud materno-infantil  Prevención y control del consumo de tabaco  Promoción de Salud Mental  Desigualdades sociales en salud   Los que se desarrollan actualmente los puede consultar en la  Página Web de Madrid Salud";"1";"http://www.madrid.es/sites/v/index.jsp?vgnextchannel=bfa48ab43d6bb410VgnVCM100000171f5a0aRCRD&vgnextoid=71734b6faa61c010VgnVCM1000000b205a0aRCRD";"AGUILEÑAS";"CALLE";"V";"1";"";"";"";"";"MADRID";"MADRID";"28029";"ALMENARA";"TETUAN";"441196";"4479654";"40.46548064796593";"-3.6936383781020643";"CITACIONES: 915 886 675/ 915 886 689 ";"";"cmstetuan@madrid.es";"/contenido/entidadesYorganismos/CentrosAtencionMedica/CentrosPrevencionEnfermedades"; 
8870;"CMSc Centro Municipal de Salud Comunitaria  Chamberí";"";"Horario de invierno    De lunes a viernes de 8:30 a 20:30 horas   Anticoncepción de urgencia  (pildora postcoital):  De lunes a viernes de 9 a 20 horas. Para evitar esperas innecesarias, le sugerimos se ponga en contacto teléfonico con el centro.   Vacunación:  con cita previa    Horario Semana San Isidro:  8:30 a 19:30 horas   Horario de verano ( antes de acudir, póngase en contacto telefónico con el centro )   Del 15 de junio al 15 de septiembre:   de   8:30 a 19:30 horas.";"";"Metro: Iglesia   Bus: 3 , 5 , 16 , 40 , 61 , 147  Bicicletas:   Servicio Bicimad, para consultar la estación más cercana, acceda al  mapa de geolocalización de las estaciones .";"Ámbito de Influencia:   Distrito de Chamartín: Barrios de Prosperidad, El Viso y Ciudad Jardín  Distrito de Chamberí.   Los programas marco de salud de abordaje prioritario que desarrollan los Centros Municipales de Salud Comunitaria son:   Alimentación, actividad física y salud  Salud sexual y reproductiva  Promoción de la salud en el ámbito educativo  Envejecimiento activo y saludable  Salud materno-infantil  Prevención y control del consumo de tabaco  Promoción de Salud Mental  Desigualdades sociales en salud   Los que se desarrollan actualmente los puede consultar en la  Página Web de Madrid Salud";"1";"http://www.madrid.es/sites/v/index.jsp?vgnextchannel=bfa48ab43d6bb410VgnVCM100000171f5a0aRCRD&vgnextoid=e1b24b6faa61c010VgnVCM1000000b205a0aRCRD";"RAFAEL CALVO";"CALLE";"V";"6";"";"";"";"";"MADRID";"MADRID";"28010";"ALMAGRO";"CHAMBERI";"440985";"4476318";"40.43353205080221";"-3.6970827354853677";"CITACIONES:  915 886 784 / 915 886 783 ";"";"cmschamberi@madrid.es";"/contenido/entidadesYorganismos/CentrosAtencionMedica/CentrosPrevencionEnfermedades"; 
8867;"CMSc Centro Municipal de Salud Comunitaria Fuencarral";"";"Horario de invierno:     De lunes a viernes de 8:30 a 20:30 horas.   Anticoncepción de urgencia:  De lunes a viernes de 8:30 a 20:00 horas. Para evitar esperas innecesarias, le sugerimos se ponga en contacto teléfonico con el centro.    Horario Semana San Isidro:  8:30 a 19:30 horas   Horario de verano (antes de acudir, póngase en contacto telefónico con el centro)      Del 15 de junio al   15 de septiembre:  de 8:30 a 19:30 horas.";"";"Metro: Barrio del Pilar  Bus: 83 , 128 , 132 , 134, 137, 49  Interurbano: 602  Bicicletas:   Servicio Bicimad, para consultar la estación más cercana, acceda al  mapa de geolocalización de las estaciones .";"Ámbito de influencia:    Distrito de Fuencarral - El Pardo.   Los programas marco de salud de abordaje prioritario que desarrollan los Centros Municipales de Salud Comunitaria son:   Alimentación, actividad física y salud  Salud sexual y reproductiva  Promoción de la salud en el ámbito educativo  Envejecimiento activo y saludable  Salud materno-infantil  Prevención y control del consumo de tabaco  Promoción de Salud Mental  Desigualdades sociales en salud   Los que se desarrollan actualmente los puede consultar en la  Página Web de Madrid Salud";"1";"http://www.madrid.es/sites/v/index.jsp?vgnextchannel=bfa48ab43d6bb410VgnVCM100000171f5a0aRCRD&vgnextoid=8ef24b6faa61c010VgnVCM1000000b205a0aRCRD";"MONFORTE DE LEMOS";"AVENIDA";"V";"38";"";"";"";"";"MADRID";"MADRID";"28029";"EL PILAR";"FUENCARRAL-EL PARDO";"439867";"4481122";"40.47860087334554";"-3.7094408342979954";"CITACIONES: 91 588 68 71 / 91 588 68 73";"";"cmsfuencarral@madrid.es";"/contenido/entidadesYorganismos/CentrosAtencionMedica/CentrosPrevencionEnfermedades"; 
8876;"CMSc Centro Municipal de Salud Comunitaria Latina";"";"Horario de invierno  De lunes a viernes de 8:30 a 14 horas.   Anticoncepción de urgencia (pildora postcoital): De lunes a viernes de 9 a 14 horas, tardes no hay servicio. Para evitar esperas innecesarias, le sugerimos se ponga en contacto teléfonico con el centro.  Otros servicios y talleres: con cita previa    Horario Semana San Isidro:  de 8:30 a 14 horas.    Horario de verano  (antes de acudir, póngase en contacto telefónico con el centro) Del 15 de junio al 15 de septiembre: de 8:30 a 14 horas.";"";"Metro: Alto de Extremadura  Bus: 31 , 33 , 36 , 39 , 65  Bicicletas:   Servicio Bicimad, para consultar la estación más cercana, acceda al  mapa de geolocalización de las estaciones .";"Ámbito de influencia:    Distrito de Latina.   Los programas marco de salud de abordaje prioritario que desarrollan los Centros Municipales de Salud Comunitaria son:   Alimentación, actividad física y salud  Salud sexual y reproductiva  Promoción de la salud en el ámbito educativo  Envejecimiento activo y saludable  Salud materno-infantil  Prevención y control del consumo de tabaco  Promoción de Salud Mental  Desigualdades sociales en salud   Los que se desarrollan actualmente los puede consultar en la  Página Web de Madrid Salud";"1";"http://www.madrid.es/sites/v/index.jsp?vgnextchannel=bfa48ab43d6bb410VgnVCM100000171f5a0aRCRD&vgnextoid=d4234b6faa61c010VgnVCM1000000b205a0aRCRD";"EXTREMADURA";"PASEO";"V";"147";"";"";"";"";"MADRID";"MADRID";"28011";"PUERTA DEL ANGEL";"LATINA";"437283";"4473479";"40.40955885950758";"-3.7391695341734";"CITACIONES:  914 649 972 / 914 794 666";"";"cmslatina@madrid.es";"/contenido/entidadesYorganismos/CentrosAtencionMedica/CentrosPrevencionEnfermedades"; 
8880;"CMSc Centro Municipal de Salud Comunitaria Carabanchel";"";"Horario de invierno    De lunes a viernes de 8:30 a 20:30 horas    Anticoncepción de urgencia   (píldora postcoital): De lunes a viernes de 8:30 a 20 horas. Para evitar esperas innecesarias, le sugerimos se ponga en contacto telefónico con el centro   Vacunación : Cita previa    Horario Semana San Isidro:  8:30 a 19:30 horas   Horario de verano ( antes de acudir, póngase en contacto telefónico con el centro )   Del 15 de junio al 15 de septiembre:   de   8:30 a 19:30 horas.";"";"Bus: 34 , 35  Bicicletas:   Servicio Bicimad, para consultar la estación más cercana, acceda al  mapa de geolocalización de las estaciones .";"Ámbito de influencia   Distrito de Carabanchel: Comillas, Abrantes, Buenavista, Opañel, Puerta Bonita, Vista Alegre, San Isidro.  Los programas marco de salud de abordaje prioritario que desarrollan los Centros Municipales de Salud Comunitaria son:   Alimentación, actividad física y salud  Salud sexual y reproductiva  Promoción de la salud en el ámbito educativo  Envejecimiento activo y saludable  Salud materno-infantil  Prevención y control del consumo de tabaco  Promoción de Salud Mental  Desigualdades sociales en salud   Los que se desarrollan en el CMSc Centro Municipal de Salud Comunitaria Carabanchel actualmente los puede consultar en la   Página Web de Madrid Salud";"1";"http://www.madrid.es/sites/v/index.jsp?vgnextchannel=bfa48ab43d6bb410VgnVCM100000171f5a0aRCRD&vgnextoid=45624b6faa61c010VgnVCM1000000b205a0aRCRD";"EUGENIA DE MONTIJO";"CALLE";"V";"90";"";"";"";"";"MADRID";"MADRID";"28025";"VISTA ALEGRE";"CARABANCHEL";"436587";"4470216";"40.37830205060461";"-3.748252006016631";"CITACIONES:913 696 072 / 913 602 200 ";"";"cmscarabanchel@madrid.es";"/contenido/entidadesYorganismos/CentrosAtencionMedica/CentrosPrevencionEnfermedades"; 
8878;"CMSc Centro Municipal de Salud Comunitaria Usera";"";"Horario de invierno de lunes a viernes de 8:30 a 20 horas.   Atención individual sin cita previa:   Anticoncepción de urgencia  Consulta joven para menores de 25 años    Horario Semana San Isidro:  8:30 a 19:30 horas   Horario de verano del 15 de junio al 15 de septiembre de 8:30 a 19:30 horas.";"";"Bus: 6 , 60 , 78 , 81  Metro: Plaza Elíptica  Bicicletas:   Servicio Bicimad, para consultar la estación más cercana, acceda al  mapa de geolocalización de las estaciones .";"Ámbito de influencia:    Distrito de Usera: Orcasitas, Orcasur, San Fermín, Almendrales, Moscardó, Zofío, Pradolongo   Los programas marco de salud de abordaje prioritario que desarrollan los Centros Municipales de Salud Comunitaria son:   Alimentación, actividad física y salud  Salud sexual y reproductiva  Promoción de la salud en el ámbito educativo  Envejecimiento activo y saludable  Salud materno-infantil  Prevención y control del consumo de tabaco  Promoción de Salud Mental  Desigualdades sociales en salud   Los que se desarrollan actualmente los puede consultar en la  Página Web de Madrid Salud";"1";"http://www.madrid.es/sites/v/index.jsp?vgnextchannel=bfa48ab43d6bb410VgnVCM100000171f5a0aRCRD&vgnextoid=c7934b6faa61c010VgnVCM1000000b205a0aRCRD";"AVENA";"CALLE";"V";"3";"";"";"";"(Esquina a calle Heno)";"MADRID";"MADRID";"28026";"ZOFIO";"USERA";"439249";"4469929";"40.37773347929677";"-3.7156736251996945";"CITACIONES: 914 609 850 / 914 607 200";"";"cmsusera@madrid.es";"/contenido/entidadesYorganismos/CentrosAtencionMedica/CentrosPrevencionEnfermedades"; 
148488;"CMSc Centro Municipal de Salud Comunitaria Puente de Vallecas";"";"Horario de invierno     De lunes a viernes de 8 a 20:30 horas    Anticoncepción de urgencia  (pildora postcoital):  de lunes a viernes de 9 a 20:30 horas. Para evitar esperas innecesarias, le sugerimos se ponga en contacto teléfonico con el centro.    Horario Semana San Isidro:  de 8:30 a 19:30 horas.   Horario de verano ( antes de acudir, póngase en contacto telefónico con el centro )   Del 15 de junio al 15 de septiembre:   de   8:30 a 19:30 horas.";"";"Metro: Nueva Numancia  Bus: 10 , 24 , 54 , 57 , 58 , 111 , 140  Bicicletas:   Servicio Bicimad, para consultar la estación más cercana, acceda al  mapa de geolocalización de las estaciones .";"Ámbito de influencia:    Distrito de Puente de Vallecas: Entrevías, Palomeras Bajas, Numancia, San Diego, Palomeras Altas, Portazgo    Los programas marco de salud de abordaje prioritario que desarrollan los Centros Municipales de Salud Comunitaria son:   Alimentación, actividad física y salud  Salud sexual y reproductiva  Promoción de la salud en el ámbito educativo  Envejecimiento activo y saludable  Salud materno-infantil  Prevención y control del consumo de tabaco  Promoción de Salud Mental  Desigualdades sociales en salud   Los que se desarrollan actualmente los puede consultar en la  Página Web de Madrid Salud";"1";"http://www.madrid.es/sites/v/index.jsp?vgnextchannel=bfa48ab43d6bb410VgnVCM100000171f5a0aRCRD&vgnextoid=f759ac2e6481c010VgnVCM1000000b205a0aRCRD";"CONCORDIA";"CALLE";"NUM";"15";"";"";"";"";"MADRID";"MADRID";"28053";"SAN DIEGO";"PUENTE DE VALLECAS";"443512";"4471842";"40.39525784370076";"-3.665615521144969";"CITACIONES: 915 886 016 / 915 133 025";"";"cmsvallecasp@madrid.es";"/contenido/entidadesYorganismos/CentrosAtencionMedica/CentrosPrevencionEnfermedades"; 
8881;"CMSc Centro Municipal de Salud Comunitaria Ciudad Lineal";"";"Horario de invierno   De lunes a viernes de 8:30 a 20:30 horas   Horario Semana San Isidro:  8:30 a 19:30 horas   Horario de verano (antes de acudir, póngase en contacto telefónico con el centro)   Del 15 de junio al 15 de septiembre : de 8:30 a 19:30 horas.";"";"Metro: L2  Autobuses: 106, 113  Bicicletas:   Servicio Bicimad, para consultar la estación más cercana, acceda al  mapa de geolocalización de las estaciones .";"Ámbito de influencia:  Distrito Ciudad Lineal   Barrios:  Ventas, Pueblo Nuevo, Quintana, Concepción, San Pascual, San Juan Bautista, Colina, Atalaya, Costillares  Los programas marco de salud de abordaje prioritario que desarrollan los Centros Municipales de Salud Comunitaria son:   Alimentación, actividad física y salud  Salud sexual y reproductiva  Promoción de la salud en el ámbito educativo  Envejecimiento activo y saludable  Salud materno-infantil  Prevención y control del consumo de tabaco  Promoción de Salud Mental  Desigualdades sociales en salud";"1";"http://www.madrid.es/sites/v/index.jsp?vgnextchannel=bfa48ab43d6bb410VgnVCM100000171f5a0aRCRD&vgnextoid=38d24b6faa61c010VgnVCM1000000b205a0aRCRD";"DE AGUSTÍN GONZALEZ";"PLAZA";"V";"1";"";"";"";"";"MADRID";"MADRID";"28017";"VENTAS";"CIUDAD LINEAL";"445107";"4475424";"40.427642192384596";"-3.6471432101293173";"Citaciones: 914 061 578 / 914 064 134";"";"cmsciudadlineal@madrid.es";"/contenido/entidadesYorganismos/CentrosAtencionMedica/CentrosPrevencionEnfermedades"; 
17433;"CMSc Centro Municipal de Salud Comunitaria Hortaleza";"";"Horario de invierno   De lunes a viernes de 8:30 a 20:30 horas   Anticoncepción de urgencia (pildora postcoital):   De lunes a viernes de 9 a 17 horas. Para evitar esperas innecesarias, le sugerimos se ponga en contacto teléfonico con el centro.   Vacunación:  con cita previa   Horario de Semana San Isidro:  8:30 a 19:30 horas   Horario de verano     Del 15 de junio   al 15 de septiembre:  de 8:30 a 19:30 horas.";"";"Bus: 73 , 120 , 122  Metro: L 4, estación Canillas  Bicicletas:   Servicio Bicimad, para consultar la estación más cercana, acceda al  mapa de geolocalización de las estaciones .";"Ámbito de influencia:    Distrito de Hortaleza  Distrito de Barajas.   Los programas marco de salud de abordaje prioritario que desarrollan los Centros Municipales de Salud Comunitaria son:   Alimentación, actividad física y salud  Salud sexual y reproductiva  Promoción de la salud en el ámbito educativo  Envejecimiento activo y saludable  Salud materno-infantil  Prevención y control del consumo de tabaco  Promoción de Salud Mental  Desigualdades sociales en salud   Los que se desarrollan actualmente los puede consultar en la  Página Web de Madrid Salud";"1";"http://www.madrid.es/sites/v/index.jsp?vgnextchannel=bfa48ab43d6bb410VgnVCM100000171f5a0aRCRD&vgnextoid=aec4e35bba51c010VgnVCM2000000c205a0aRCRD";"JUAN CLEMENTE NUÑEZ";"CALLE";"V";"3";"";"";"";"frente a Silvano 157";"MADRID";"MADRID";"28043";"";"HORTALEZA";"446841";"4479247";"40.46218555303646";"-3.627022202641673";"CITACIONES: 917 489 197 / 917 489 207                     
";"";"cmshortaleza@madrid.es";"/contenido/entidadesYorganismos/CentrosAtencionMedica/CentrosPrevencionEnfermedades"; 
6017257;"CMSc Centro Municipal de Salud Comunitaria Villaverde";"";"De lunes a viernes de 8:30 a 18 horas   Anticoncepción de urgencia  (pildora postcoital):  De lunes a viernes de 8:30 a 18 horas. Para evitar esperas innecesarias, le sugerimos se ponga en contacto teléfonico con el centro.  Vacunación (adultos): cita previa    Horario de verano   Del 15 de junio al 15 de septiembre: de 8:30 a 17 horas.";"";"Metro: Ciudad de los Ángeles salida calle Tertulia ( L 3 )  Bus: 22, 23, 59, 85, 79 y 123  Renfe: Villaverde Bajo  Bicicletas:   Servicio Bicimad, para consultar la estación más cercana, acceda al  mapa de geolocalización de las estaciones .";"Ámbito de influencia : Distrito Villaverde  Barrios:   Villaverde Alto  San Cristobal (San Cristobal de los Ángeles)  Butarque (Nuevo Rosales)  Los Rosales (Villaverde Bajo y El Espinillo)  Los Ángeles (Ciudad de los Ángeles)   Los programas marco de salud de abordaje prioritario que desarrollan los CMSc Centros Municipales de Salud Comunitaria son:   Alimentación, actividad física y salud  Salud sexual y reproductiva  Promoción de la salud en el ámbito educativo  Envejecimiento activo y saludable  Salud materno-infantil  Prevención y control del consumo de tabaco  Promoción de Salud Mental  Desigualdades sociales en salud   Los que se desarrollan actualmente los puede consultar en la  Página Web de Madrid Salud";"1";"http://www.madrid.es/sites/v/index.jsp?vgnextchannel=bfa48ab43d6bb410VgnVCM100000171f5a0aRCRD&vgnextoid=df3d7f073900f210VgnVCM1000000b205a0aRCRD";"FELICIDAD";"AVENIDA";"V";"17";"";"";"";"";"MADRID";"MADRID";"28041";"LOS ROSALES";"VILLAVERDE";"441347";"4467878";"40.35940720387406";"-3.690771730176704";"Recepción: 914 80 49 39 / 915 88 92 60";"";"cmsvillaverde@madrid.es";"/contenido/entidadesYorganismos/CentrosAtencionMedica/CentrosPrevencionEnfermedades"; 
8873;"CMSc Centro Municipal de Salud Comunitaria Villa de Vallecas";"";"Horario de invierno    De lunes a viernes de 8:30 a 20:30 horas   Anticoncepción de urgencia  (pildora postcoital):  De lunes a viernes de 9 a 20 horas. Para evitar esperas innecesarias, le sugerimos se ponga en contacto teléfonico con el centro.   Vacunación:  con cita previa    Horario Semana San Isidro:  8:30 a 19:30 horas   Horario de verano (antes de acudir, póngase en contacto telefónico con el centro)     Del 15 de junio al 15  de septiembre, de 8:30 a 19:30 horas";"";"Metro: Villa de Vallecas  Bus: 54 , 58 , 130 , 143  Bicicletas:   Servicio Bicimad, para consultar la estación más cercana, acceda al  mapa de geolocalización de las estaciones .";"Ámbito de influencia:    Distrito de Villa de Vallecas. Barrios:  Casco histórico de Vallecas  Santa Eugenia  Ensanche de Vallecas     Los programas marco de salud de abordaje prioritario que desarrollan los CMSc Centros Municipales de Salud Comunitaria son:   Alimentación, actividad física y salud  Salud sexual y reproductiva  Promoción de la salud en el ámbito educativo  Envejecimiento activo y saludable  Salud materno-infantil  Prevención y control del consumo de tabaco  Promoción de Salud Mental  Desigualdades sociales en salud   Los que se desarrollan actualmente los puede consultar en la  Página Web de Madrid Salud";"1";"http://www.madrid.es/sites/v/index.jsp?vgnextchannel=bfa48ab43d6bb410VgnVCM100000171f5a0aRCRD&vgnextoid=64e34b6faa61c010VgnVCM1000000b205a0aRCRD";"SIERRA GADOR";"CALLE";"V";"68";"";"";"";"";"MADRID";"MADRID";"28031";"CASCO H.VALLECAS";"VILLA DE VALLECAS";"447199";"4470097";"40.37978858026883";"-3.622040199057613";"CITACIONES: 917 791 312 / 913 807 910 ";"";"cmsvallecasv@madrid.es";"/contenido/entidadesYorganismos/CentrosAtencionMedica/CentrosPrevencionEnfermedades"; 
8877;"CMSc Centro Municipal de Salud Comunitaria Vicálvaro";"";"Horario de invierno  De lunes a viernes de 8:30 a 20:30 horas   Anticoncepción de urgencia (pildora postcoital): De lunes a viernes de 8:30 a 20 horas, excepto martes y jueves de 14 a 20 horas. Para evitar esperas innecesarias, le sugerimos se ponga en contacto teléfonico con el centro.  Vacunación: con cita previa    Horario Semana San Isidro:  de 8:30 a 19:30 horas    Horario de verano  (antes de acudir, póngase en contacto telefónico con el centro)  Del 15 de junio al 15 de septiembre: de 8:30 a 19:30 horas.";"";"Metro: Vicálvaro  Bus: 4 , 100 , 106 , 130, E3  Bicicletas:   Servicio Bicimad, para consultar la estación más cercana, acceda al  mapa de geolocalización de las estaciones .";"Ámbito de influencia:    Distrito de Moratalaz: Pavones, Horcajo, Marroquina, Media Legua, Fontarrón, Vinateros     Distrito de Vicálvaro: Casco Histórico de Vicálvaro, Ambroz    Los programas marco de salud de abordaje prioritario que desarrollan los Centros Municipales de Salud Comunitaria son:   Alimentación, actividad física y salud  Salud sexual y reproductiva  Promoción de la salud en el ámbito educativo  Envejecimiento activo y saludable  Salud materno-infantil  Prevención y control del consumo de tabaco  Promoción de Salud Mental  Desigualdades sociales en salud   Los que se desarrollan actualmente los puede consultar en la  Página Web de Madrid Salud";"1";"http://www.madrid.es/sites/v/index.jsp?vgnextchannel=bfa48ab43d6bb410VgnVCM100000171f5a0aRCRD&vgnextoid=1eb34b6faa61c010VgnVCM1000000b205a0aRCRD";"CALAHORRA";"CALLE";"V";"11";"";"";"";"";"MADRID";"MADRID";"28032";"AMBROZ";"VICALVARO";"448180";"4473179";"40.40760589417718";"-3.610734756927216";"Citaciones: 917 602 401 / 917 753 260 / 917 753 262";"";"cmsvicalvaro@madrid.es";"/contenido/entidadesYorganismos/CentrosAtencionMedica/CentrosPrevencionEnfermedades"; 
4645539;"CMSc Centro Municipal de Salud Comunitaria San Blas";"";"Horario de invierno:  De lunes a viernes de 8:30 a 20:30 horas   Anticoncepción de urgencia (pildora postcoital): Para evitar esperas innecesarias, le sugerimos se ponga en contacto teléfonico con el centro.  Prueba rápida del VIH con cita previa:mañanas de 9 a 13 horas, martes, miércoles y jueves por la tarde de 15 a 19 horas.     Semana San Isidro:  de 8:30 a 19:30 horas.    Horario de verano  (antes de acudir, póngase en contacto telefónico con el centro) Del 15 de junio al 15 de septiembre: de 8:30 a 19:30 horas.";"El Servicio de Prevención y Promoción de la Salud, dependiente de la Dirección del Instituto de Salud Pública, tiene como función principal el desarrollo en la ciudad de Madrid de actividades específicas preventivas y de promoción de la Salud dirigidas a los tres grandes grupos de edad: infanto-juvenil, adulto y mayor. La mujer recibe una atención específica aplicada a estos tres grupos.  Se realizan también otras actividades de carácter transversal sobre dichos grupos y actividades dirigidas a reducir desigualdades.";"Autobus: 38, 48, 153  Metro: San Blas  Bicicletas:   Servicio Bicimad, para consultar la estación más cercana, acceda al  mapa de geolocalización de las estaciones .";"Ámbito de influencia:  Barrios de Simancas, Salvador, Hellín, Amposta, Arcos y Rosas  Los programas marco de salud de abordaje prioritario que desarrollan los Centros Municipales de Salud Comunitaria son:   Alimentación, actividad física y salud  Salud sexual y reproductiva  Promoción de la salud en el ámbito educativo  Envejecimiento activo y saludable  Salud materno-infantil  Prevención y control del consumo de tabaco  Promoción de Salud Mental  Desigualdades sociales en salud   Los que se desarrollan actualmente los puede consultar en la  Página Web de Madrid Salud";"1";"http://www.madrid.es/sites/v/index.jsp?vgnextchannel=bfa48ab43d6bb410VgnVCM100000171f5a0aRCRD&vgnextoid=40b3b8facf715110VgnVCM1000000b205a0aRCRD";"POBLADURA DEL VALLE";"CALLE";"V";"13";"";"";"";"";"MADRID";"MADRID";"28037";"AMPOSTA";"SAN BLAS-CANILLEJAS";"447403";"4475213";"40.425889776910964";"-3.620048048164773";"CITACIONES: 917 609 656/47                      
";"";"";"/contenido/entidadesYorganismos/CentrosAtencionMedica/CentrosPrevencionEnfermedades"; 
8939;"Centro de Salud Bucodental";"";"Horario de verano ( antes de acudir, póngase en contacto telefónico con el centro )    Del 15 de junio al 15 de septiembre (cierra en agosto):   de   8:30 a 14 horas.   Horario de invierno   De lunes a viernes de 8:30 a 15 horas (es necesario pedir cita previa antes de acudir al centro)";"";"Metro: Ciudad de los Ángeles salida calle Tertulia ( L 3 )  Bus: 22, 23, 59, 85, 79 y 123  Renfe: Villaverde Bajo";"Ámbito de influencia: atención a la población escolar de Madrid  Ofrece atención bucodental a niños/as  entre los 4  y los 14 años  que consiste en:   exploración completa con detección de alteraciones  enseñanza de cepillado y control de placa bacteriana,  aplicación de cubetas de flúor semestrales y selladores de fosas y fisuras en molares definitivos  revisiones periódicas  control de dieta y orientación terapéutica.   Estas actividades son muy sencillas, bien aceptadas por el niño/a, indoloras y muy efectivas para reducir el nivel de caries dental en la población infantil.";"1";"http://www.madrid.es/sites/v/index.jsp?vgnextchannel=bfa48ab43d6bb410VgnVCM100000171f5a0aRCRD&vgnextoid=08784b6faa61c010VgnVCM1000000b205a0aRCRD";"FELICIDAD";"AVENIDA";"V";"17";"";"";"";"";"MADRID";"MADRID";"28041";"";"VILLAVERDE";"441347";"4467878";"40.35940720387406";"-3.690771730176704";"Recepción: 915 88 87 80                                
Secretaría: 914 80 10 40";"";"mspbucodental@madrid.es";"/contenido/entidadesYorganismos/CentrosAtencionMedica/CentrosPrevencionEnfermedades"; 
8889;"Unidad Técnica de Apoyo Diagnóstico";"";"Horario de verano ( antes de acudir, póngase en contacto telefónico con el centro )    Del 15 de junio al 15 de septiembre:  de   8:30 a 14 horas.   Horario de invierno    Citas:  de lunes a viernes de 8:30 a 14 horas   Consulta de prevención de VIH y Enfermedades de Transmisión Sexual, programa de salud sexual y reproductiva:  horario de admisión de usuarios/usuarias sin cita previa de lunes a viernes de 8 a 9:30 horas, hasta completar cupo.";"Centro de Diagnóstico Médico , dispone de consultas especializadas para apoyo de la Salud laboral y Prevención y control de la Tuberculosis en población sin hogar y algunas actividades de los CMSc.";"Metro: Manuel Becerra  Bus: 1 , 2 , 12 , 21 , 43 , 48 , 53 , 56 , 74 , 146 , 210 , C";"";"1";"http://www.madrid.es/sites/v/index.jsp?vgnextchannel=bfa48ab43d6bb410VgnVCM100000171f5a0aRCRD&vgnextoid=5a057a7e0a61c010VgnVCM1000000b205a0aRCRD";"MONTESA";"CALLE";"V";"22";"";"";"";"";"MADRID";"MADRID";"28006";"LISTA";"SALAMANCA";"442986";"4475588";"40.428976927386806";"-3.6721607026353884";"915 885 100 / 06 (Citas)                 
           
                
";"";"mspdiagnostico@madrid.es";"/contenido/entidadesYorganismos/CentrosAtencionMedica/CentrosPrevencionEnfermedades"; 
183742;"Centro de Prevención de Deterioro Cognitivo";"Su objetivo fundamental es el diagnóstico precoz y el tratamiento de las personas que tienen Deterioro Cognitivo Leve.  Su orientación es preventiva y a esta prevención van dirigidas sus actividades.  Para acceder a este servicio se deberá acudir previamente al  Centro Municipal de Salud Comunitaria de su Distrito  donde decidirán si procede su derivación al Centro de Prevención de Deterioro Cognitivo.";"Horario de invierno    Lunes, miércoles y viernes de 9 a 14 horas  Martes y jueves de 10 a 14 horas    Horario de verano     Del 15 de junio al 15 de septiembre:   de   8:30 a 14 horas (le recomendamos confirmar este horario llamando al centro)";"Evaluación de la memoria y otras funciones cognitivas (lenguaje - orientación - atención - razonamiento...)  Pruebas diagnósticas si son necesarias.  Estimulación cognitiva es un grupo de actividades orientadas a mantener o mejorar las funciones cognitivas de las personas (por ejemplo, mejorar la memoria) y las habilidades necesarias para la vida diaria (por ejemplo, el manejo del dinero, comunicarse por teléfono, orientarse o no perderse en una ciudad, realizar las tareas domésticas,  etc .).  Información y orientación a las personas usuarias y a su familia sobre las características de la enfermedad que ha causado el deterioro cognitivo o de la memoria, cómo afrontarla, y qué recursos sociales y sanitarios hay disponibles.Para ello se realiza una sesión mensual en la que los/las profesionales del centro exponen todos estos aspectos y se resuelven las dudas que se puedan plantear.  Educación para la salud sobre factores de riesgo y cómo prevenir el deterioro cognitivo.  Investigación y docencia";"Metro: Manuel Becerra (Líneas 2 y 6), Lista (Línea 4)  Bus: C1, C2, 1, 2, 12, 15, 21, 26, 29, 30, 38, 43, 48, 53, 56, 61, 63, 120, 71, 74, 106, 110, 143, 146, 152, 210.  Bicicletas:   Servicio Bicimad, para consultar la estación más cercana, acceda al  mapa de geolocalización de las estaciones .";"Población a la que se dirige:    Personas mayores de 65 años para evaluar su memoria y detectar de forma precoz trastornos de memoria relacionadas con la edad  o Deterioro Cognitivo Leve.  Familiares de los pacientes con Deterioro Cognitivo  No son usuarios del centro: pacientes con alteración cognitiva por Traumatismo craneoencefálico, accidentes cerebrovasculares, cirugía de cerebro por cualquier causa,  etc .  Tampoco se realizan  intervención en los casos de demencia (Alzheimer u otras) o de personas que tengan  tratamiento para la demencia  El Centro no realiza informes para dependencia, ni otros similares.    El Centro está formado por un  equipo interdisciplinar de profesionales :    Neurología  Neuropsicología  Psiquiatría  Psicología  Medicina General  Enfermería  Trabajo Social  Terapeuta Ocupacional  Auxiliar Sanitario  Administración";"1";"http://www.madrid.es/sites/v/index.jsp?vgnextchannel=bfa48ab43d6bb410VgnVCM100000171f5a0aRCRD&vgnextoid=492338d60b41c010VgnVCM2000000c205a0aRCRD";"MONTESA";"CALLE";"V";"22";"";"";"";"Edificio B";"MADRID";"MADRID";"28006";"LISTA";"SALAMANCA";"442986";"4475588";"40.428976927386806";"-3.6721607026353884";"915 885 801              
915 885 810";"";"mspcognitiva@madrid.es";"/contenido/entidadesYorganismos/CentrosAtencionMedica/CentrosPrevencionEnfermedades"; 
163279;"Centro de Patología Dual";"Unidad hospitalaria de apoyo donde se realiza el abordaje terapéutico integral tanto de la psicopatología concomitante como de la conducta adictiva, en coordinación con el equipo del centro de atención.";"";"Usuarios/usuarias:  Pacientes con patología dual previamente diagnosticada o en los que se sospecha, para valoración, desintoxicación y/o estabilización.    Capacidad:  23 plazas.    Tiempo de estancia:  Mínimo 3 semanas, máximo 3 meses.";"Metro: Arturo Soria, Avda de la Paz  Bus: 9, 70, 72, 73,  Bicicletas:   Servicio Bicimad, para consultar la estación más cercana, acceda al  mapa de geolocalización de las estaciones .";"El Centro de Patología Dual da respuesta a determinados perfiles cada vez más numerosos dentro de la población drogodependiente, aquellos que presentan un trastorno mental asociado a su problema de adicción.  Este centro se concibe como una unidad hospitalaria de apoyo dónde se realiza el abordaje terapéutico integral tanto de la psicopatología concomitante como de la conducta adictiva, de pacientes que requieran un proceso de contención y estabilización intensivo de su patología a fin de poder facilitarles una buena evolución en el tratamiento, en coordinación con el equipo del centro de atención    CENTRO DE DÍA DE PATOLOGÍA DUAL     Ofrece una segunda etapa abierta, para los/las pacientes dados de alta de la Unidad de Patología Dual, en un contexto terapéutico de hospital de día, con las mismas características de entorno hospitalario e intervención intensiva que el dispositivo de ingreso. Conecta los dos enfoques clásicos: residencial y ambulatorio.  Capacidad: 20 plazas  Tiempo de estancia: Máximo 3 meses";"1";"http://www.madrid.es/sites/v/index.jsp?vgnextchannel=bfa48ab43d6bb410VgnVCM100000171f5a0aRCRD&vgnextoid=c2169475d381c010VgnVCM1000000b205a0aRCRD";"LOPEZ DE HOYOS";"CALLE";"NUM";"259";"";"";"";"DISPOSITIVO DE HOSPITALIZACION";"MADRID";"MADRID";"28043";"COLINA";"CIUDAD LINEAL";"443946";"4478671";"40.45680646874779";"-3.6611039641981273";"914 156 000";"";"";"/contenido/entidadesYorganismos/CentrosAtencionSocial/CentrosRehabilitacionPsicosocial"; 
9353;"Laboratorio de Salud Pública";"El Laboratorio de Salud Pública tiene su origen en una Institución centenaria, el Laboratorio Municipal de Higiene creado en 1877. A lo largo de los años ha evolucionado para adaptarse a las necesidades de salud pública de la ciudad de Madrid.  En la actualidad es un referente en el terreno de la seguridad alimentaria, alcanzando grandes niveles de excelencia y eficiencia. Cuenta con un equipo de profesionales altamente cualificados, unas instalaciones idóneas y un equipo analítico de última generación.  El Laboratorio de Salud Pública está acreditado por  ENAC , lo que significa el reconocimiento formal de la competencia técnica de las actividades que realiza. En la actualidad la acreditación abarca más de 200 actividades del Laboratorio de Salud Pública, siendo una de las acreditaciones más extensas dentro del territorio nacional para el análisis físico-químico y microbiológico de productos alimentarios.";"Horario de verano ( antes de acudir, póngase en contacto telefónico con el centro )   Del 15 de junio al 15 de septiembre:   de   8:30 a 14 horas.   Horario de invierno:  De lunes a viernes de 9 a 14 horas";"El Laboratorio de Salud Pública realiza las funciones de soporte analítico a los programas de control oficial de productos alimenticios con objeto de asegurar la calidad sanitaria de los alimentos, bebidas y agua, para lo que realiza diferentes ensayos físico-químicos, microbiológicos y parasitológicos.  Así mismo, atiende las solicitudes analíticas de los ciudadanos que ante la sospecha de mal estado de los alimentos o aguas remite al Laboratorio de Salud Pública directamente o a través de las Juntas de Distrito.";"Metro: Canillas , Mar de Cristal  Bus: 73, 120  Bicicletas:   Servicio Bicimad, para consultar la estación más cercana, acceda al  mapa de geolocalización de las estaciones .";"";"1";"http://www.madrid.es/sites/v/index.jsp?vgnextchannel=bfa48ab43d6bb410VgnVCM100000171f5a0aRCRD&vgnextoid=2abb4291ae91f010VgnVCM2000000c205a0aRCRD";"EMIGRANTES";"CALLE";"NUM";"20";"";"";"";"";"MADRID";"MADRID";"28043";"CANILLAS";"HORTALEZA";"445984";"4479941";"40.46838219200181";"-3.6371890080545435";"915 887 001 (Centralita)                  
915 887 084 (Información)";"";"msplaboratorio@madrid.es";"/contenido/entidadesYorganismos/AyuntamientoMadrid/OtrasEntidadesAdministrativasAyto"; 
4614547;"Centro Madrid Salud Internacional. Centro de Vacunación Internacional";"";"De lunes a viernes de 8,30 a 13 horas  Es necesario pedir  cita previa  (salvo para la emisión de duplicados de certificado internacional de vacunación de aquellas personas que anteriormente fueron vacunadas en el Centro)";"Atención a las personas que planean un viaje a zonas tropicales o a países en desarrollo mediante  Consejo sanitario individualizado  Vacunación recomendada para el viaje  Prescripcion de quimioprofilaxis antipalúdica individualizada    Servicio de Inmunoprofilaxis de la Rabia Humana  Vacunas disponibles en el Centro:  Triple Vírica  Tétanos / Difteria  Hepatitis B  Hepatitis A (tanto la infantil como la de adulto)  Polio  Meningitis  ACYW   Neumococo  Fiebre Amarilla  Encefalitis Primaveral  Fiebre Tifoidea Inyectable  Gripe";"Metro: Manuel Becerra , Lista , Diego de León Bus: 1, 2, 12, 15, 21, 26, 29, 30, 38, 43, 48, 53, 56, 61, 63, C1, C2, 71, 74, 106, 110, 210, 143, 146, 152 y 215.  Bicicletas:   Servicio Bicimad, para consultar la estación más cercana, acceda al  mapa de geolocalización de las estaciones .";"Es conveniente acudir al centro al menos con un mes de antelación al viaje.  Se debe aportar la máxima información sobre el viaje que se va a realizar: zonas a visitar, duración, tipo de viaje.  Para la expedición de duplicados de cartilla de fiebre amarilla a aquellas personas que anteriormente fueron vacunados en nuestro Centro no será necesario solicitar  cita previa.  Se solicitará una cita por cada una de las personas que necesite acudir a la consulta, independientemente de su edad. En caso de población menor que no dispongan de documento acreditativo de identidad, la cita se solicitará a nombre del padre, madre o persona que ejerza la tutoría. La persona menor de edad deberá acudir a la consulta acompañada por padre, madre o tutor. Para cualquier aclaración ponte en contacto con nuestro centro.  El horario será de  8:30 a 13 horas  en días laborables.";"1";"http://www.madrid.es/sites/v/index.jsp?vgnextchannel=bfa48ab43d6bb410VgnVCM100000171f5a0aRCRD&vgnextoid=8fe90c576ddc3110VgnVCM1000000b205a0aRCRD";"MONTESA ";"CALLE";"V";"22";"Baja";"";"";"Edificio A ";"MADRID";"MADRID";"28006";"LISTA";"SALAMANCA";"442986";"4475588";"40.428976927386806";"-3.6721607026353884";"010 Línea Madrid (91 529 82 10 si llaman desde fuera del municipio de Madrid)
Citas: 91 529 82 10
Teléfono del centro: 915885960
";"";"mspinternacional@madrid.es";"/contenido/entidadesYorganismos/CentrosAtencionMedica/CentrosPrevencionEnfermedades"; 
8835;"Servicio de Inmunoprofilaxis de la Rabia Humana";"";"De lunes a viernes de 9 a 14 horas";"Vacunaciones antirrábicas";"Metro: Manuel Becerra Bus: 1 , 2 , 12 , 21 , 43 , 48 , 53 , 56 , 74 , 146 , 210 , C";"";"1";"http://www.madrid.es/sites/v/index.jsp?vgnextchannel=bfa48ab43d6bb410VgnVCM100000171f5a0aRCRD&vgnextoid=706f34c0e2c5f010VgnVCM2000000c205a0aRCRD";"MONTESA";"CALLE";"V";"22";"";"";"";"";"MADRID";"MADRID";"28006";"LISTA";"SALAMANCA";"442986";"4475588";"40.428976927386806";"-3.6721607026353884";"915 885 960 / 915 885 180 / 915 885 949";"";"mspinternacional@madrid.es";"/contenido/entidadesYorganismos/CentrosAtencionMedica/CentrosPrevencionEnfermedades"; 
9422;"Centro de Protección Animal";"";"Horario de invierno    De lunes a viernes de 9:30 a 15:30 horas    Horario de verano    De 15 de junio a 15 de septiembre de 9:30 a 14:30 horas   Los días 24 y 31 de diciembre no se abrirá el centro";"Servicio de adopción de animales, ingresados en las instalaciones: Adopciones de lunes a sábados con cita previa.    Puede solicitar cita a través de los siguientes canales de Línea Madrid:   En ínea : accediendo al servicio de  cita previa , seleccionando como servicio: Madrid Salud y como solicitud, adopción de animales.   Telefónica : 913 094 135  a través del 010 o del 915298210 (si es fuera del municipio de Madrid), consultar el coste de la llamada en la página de información del 010) se da cita previa.   Presencial : en las Oficinas de Atención a la Ciudadania    Acogida de animales abandonados o vagabundos entregados por la ciudadanía.  Recogida de animales abandonados o vagabundos sueltos en la vía pública.  Recogida y atención urgente a los animales abandonados y/o vagabundos que se encuentran enfermos o heridos en la vía pública.  Control sanitario de animales agresores y valoración de riesgo y agresividad de estos animales (se requiere solicitud de cita a través del teléfono 915 082 645).  Localización de propietarios/as de animales identificados e ingresados en las instalaciones para su devolución.   Para recabar una información más detallada sobre los servicios enumerados, ver Información relacionada";"Bus: 35, 155, 118  Metro: La Peseta ( L 11 )  Autobuses interurbanos: 483-486-487 (parada en  Ctra . Barrio de la Fortuna  n&amp;ordm;  21, Instituto San José)";"";"1";"http://www.madrid.es/sites/v/index.jsp?vgnextchannel=bfa48ab43d6bb410VgnVCM100000171f5a0aRCRD&vgnextoid=6a177a7e0a61c010VgnVCM1000000b205a0aRCRD";"BARRIO DE LA FORTUNA";"CARRETERA";"NUM";"33";"";"";"";"";"MADRID";"MADRID";"28054";"CUATRO VIENTOS";"LATINA";"433934";"4468399";"40.363546309643375";"-3.778110067286688";"";"";"mspsveterinarios@madrid.es / mspcpa@madrid.es";"/contenido/entidadesYorganismos/ResidenciasAnimales"; 
9420;"Departamento de Control de Vectores (ratas, cucarachas)";"";"De lunes a viernes de 9 a 14 horas";"Vigilancia, prevención y control de vectores (roedores e insectos y arácnidos perjudiciales) en espacios e instalaciones públicas municipales - Asesoramiento técnico en materia de prevención y control de vectores - Educación y participación ciudadana - Identificación de insectos, arácnidos y otros animales.   Los servicios no incluyen:    Plagas de plantas y árboles.  Plagas en espacios o propiedades no públicas.";"Bus: 47 Metro: La Fortuna (L 11)";"";"1";"http://www.madrid.es/sites/v/index.jsp?vgnextchannel=bfa48ab43d6bb410VgnVCM100000171f5a0aRCRD&vgnextoid=9cdd224e0d61c010VgnVCM1000000b205a0aRCRD";"BARRIO DE LA FORTUNA";"CARRETERA";"NUM";"33";"";"";"";"";"MADRID";"MADRID";"28054";"CUATRO VIENTOS";"LATINA";"434043";"4468606";"40.363546309643375";"-3.778110067286688";"915 113 089";"";"mspvectores@madrid.es";"/contenido/entidadesYorganismos/AyuntamientoMadrid/OtrasEntidadesAdministrativasAyto"; 
